question,question_type,chatglm-6b,vicuna,chinese-alpaca
帮我写一个介绍ChatGPT的博客提纲,提纲写作,"好的，以下是一个介绍ChatGPT的博客提纲：

I. 介绍
- 简要介绍ChatGPT
- 引出本文的主题

II. 背景
- ChatGPT是什么
- 它的应用领域有哪些
- 它在人工智能领域的地位如何

III. 技术原理
- ChatGPT的架构是怎样的
- 它的工作原理是什么
- 它的训练过程是怎样的

IV. 性能表现
- ChatGPT的文本生成能力如何
- 它可以生成哪些类型的内容
- 它的生成质量如何

V. 应用案例
- ChatGPT在自然语言处理领域的应用
- 它可以用于哪些场景，如文本生成、对话系统、机器翻译等
- ChatGPT在实际应用中的效果如何

VI. 争议与展望
- ChatGPT面临的挑战和争议
- ChatGPT未来的发展方向和趋势

VII. 结论
- 总结ChatGPT的介绍
- 强调ChatGPT在人工智能领域的重要性
- 提出建议和展望，鼓励更多的人关注和探索ChatGPT的技术和应用。",ChatGPT是一款基于深度学习的自然语言处理技术，它可以帮助用户进行自然语言处理任务，包括文本分类、命名实体识别、情感分析、问答系统等。ChatGPT还可以帮助用户解决各种自然语言处理问题，例如语音识��," I. 引言

II. 什么是ChatGPT

III. ChatGPT的优势

IV. ChatGPT的应用

V. ChatGPT的未来

VI. 结论"
写十条网易云热评文案,文案写作,"1. 有一种难过，是明明想和你说话，却又不知道说什么，只能发个表情符号。

2. 真正爱过的人 是不可能做朋友的 哪怕多看一眼 都会心软

3. 那些声称永远单身的人，往往是最后娶了老婆的人。

4. 愿你三冬暖，愿你春不寒，愿你天黑有灯下雨有伞，愿你路上有良人相伴。

5. 如果有一天我白发苍苍不再美丽，你是否还会轻抚我的脸颊，说陪我走到海角天涯？

6. 成长就是一个人模仿和拒绝模仿的过程。

7. 愿你一生努力一生被爱想要的都拥有得不到的都释怀。

8. 愿你被这世界温柔相待。

9. 人的感情就像牙齿， 掉了就没了，再装也是假的，掉了的东西就不要捡了， 接受突如其来的失去，珍惜不期而遇的惊喜。

10. 你不用多好，我喜欢就好，我没有很好，你不嫌弃就好。","1. 网易云热评文案是一种新型的社交媒体，它可以帮助用户分享自己的经历和观点。
2. 网易云热评文案可以帮助用户更好地了解其他人的观点，并且也可以帮助用户更好地了解自己。
3"," 1. 网易云热评：让您轻松了解最新热门话题。
2. 网易云热评：让您轻松找到您喜欢的商品。
3. 网易云热评：让您轻松了解最新的电影、音乐、书籍等。
4. 网易云热评：让您轻松了解最新的科技新闻。
5. 网易云热评：让您轻松了解最新的体育新闻。
6. 网易云热评：让您轻松了解最新的旅游资讯。
7. 网易云热评：让您轻松了解最新的时尚资讯。
8. 网易云热评：让您轻松了解最新的娱乐资讯。
9. 网易云热评：让您轻松了解最新的社交资讯。
10. 网易云热评：让您轻松了解最新的教育资讯。"
请帮我写封邮件给暴雪公司，控诉他们无端与网易公司解除合作，中国玩家对他们的这种行为十分失望。要求他们立刻改正错误，保护中国玩家权益。言辞诚恳严厉,邮件写作助手,"尊敬的暴雪公司：

我代表广大中国玩家，向您表达我们最深切的失望和不满。我们得知，您无端与网易公司解除合作，这彻底让我们的中国玩家感到无助和愤怒。

我们十分清楚，作为全球知名的游戏公司，您一直致力于为中国玩家提供更好的游戏体验和服务。然而，我们却得知您的行为伤害了中国玩家的权益，让我们无法享受应有的服务和支持。

我们对此感到非常愤怒和失望，因为您的行为完全不符合作为一家全球游戏公司的应有行为。我们希望您能够认真反思自己的错误，并立刻改正这种不负责任的行为，为广大中国玩家提供更好的服务和支持。

作为一位全球知名的游戏公司，您应该负起应有的责任，保护中国玩家的权益。我们要求您立即停止与网易公司的合作，并为广大中国玩家提供更好的服务和支持。同时，我们也将采取一切必要措施，维护中国玩家的权益，保障我们的游戏体验。

最后，我们再次表达我们最深切的失望和不满，希望您能够认真对待我们的要求，为我们提供更好的服务和支持。

此致

敬礼！

广大中国玩家","尊敬的暴雪公司：

我是一名中国玩家，对暴雪公司和网易公司的合作很感兴趣。但是最近，我们发现暴雪公司与网易公司已经解除了合作关系，这让我们非常失望。

暴雪公司和网易公司是中国玩家最喜欢"," 尊敬的暴雪公司，

我是一名中国玩家，对您的无端与网易公司解除合作的行为感到非常失望。中国玩家对您的这种行为感到非常失望，我们希望您能够立即改正错误，保护中国玩家的利益。

谨此，

中国玩家"
怎么让自己精力充沛，列5点建议,常识问答,"让自己精力充沛的建议如下：
1. 睡眠充足：睡眠是保持精力充沛的重要因素之一。每晚大约7-8小时的睡眠可以帮助自己恢复精力，提高注意力和警觉性。

2. 锻炼身体：适度的体育锻炼可以帮助自己释放压力，提高心情，增强免疫系统和骨骼健康。可以选择自己喜欢的运动方式，如跑步、游泳、瑜伽等。

3. 饮食健康：均衡的饮食可以为身体提供足够的营养素和能量，减少疲劳和压力。选择新鲜的水果、蔬菜、全麦面包、瘦肉和鱼类等健康食品。

4. 管理时间：有效的时间管理可以帮助自己更好地掌控自己的时间，减少拖延和浪费时间的行为。制定清晰的计划表和日程表，分配足够的时间来完成重要的任务和活动。

5. 保持积极心态：积极的态度可以帮助自己更好地应对挑战和压力，提高自信心和自尊心。学会接受失败和挫折，并从中学习和经验，保持积极的心态和信心。","1. 保持良好的睡眠习惯，每晚7-8小时的睡眠有助于精力充沛。
2. 保持健康的饮食习惯，多吃水果、蔬菜和全谷类食物，少吃高脂肪、高糖和高盐的食物。
3. 定期进行体育锻"," 1. 保持良好的睡眠习惯，每天保证7-8小时的睡眠时间。
2. 坚持锻炼，每周至少进行150分钟的有氧运动。
3. 饮食均衡，多吃蔬菜水果，少吃高热量食物。
4. 减少压力，多参加娱乐活动，放松心情。
5. 保持良好的心态，学会放松自己，保持乐观向上的心态。"
使用python写一个二分查找的代码,代码编写,"二分查找(Binary Search)，又称折半查找，是一种在有序数组中查找某一特定元素的查找算法。其基本思想是将有序数组分成两半，判断目标元素是否位于数组中间，如果是，则继续查找，否则返回目标元素的位置。

以下是使用Python实现二分查找的代码：

```python
def binary_search(arr, target):
    left, right = 0, len(arr) - 1
    
    while left <= right:
        mid = (left + right) // 2
        
        if arr[mid] == target:
            return mid
        elif arr[mid] < target:
            left = mid + 1
        else:
            right = mid - 1
    
    return -1
```

该函数接受一个有序数组`arr`和要查找的目标元素`target`作为参数，并返回目标元素在数组中的索引位置。

使用方法：

```python
arr = [3, 7, 1, 9, 2, 6, 4, 8]
target = 4
print(binary_search(arr, target))  # 输出 2
```

在这个例子中，我们要查找数组中目标元素的位置，它在中间，因此返回2。如果要查找小于目标元素的位置，则返回-1。","def binary_search(arr, key):
    low = 0
    high = len(arr) - 1
    while low <= high:
        mid = (low + high) // 2
        if key < arr[mid]:
            high = mid - 1
        elif key > arr[mid]:
            low = mid + 1
        else:
            return mid
    return -1

if __name__ == '__main__':
    arr = [1, 2, 3, 4, 5]
    key ="," def binary_search(arr, target):
    left = 0
    right = len(arr) - 1
    while left <= right:
        mid = (left + right) // 2
        if arr[mid] == target:
            return mid
        elif arr[mid] < target:
            left = mid + 1
        else:
            right = mid - 1
    return -1"
推荐几本金庸的武侠小说,作品推荐,"金庸是中国著名的武侠小说作家，他的作品已经被翻译成多种语言，在全球范围内广受欢迎。以下是几本值得一读的金庸武侠小说：

1. 《天龙八部》：讲述了北宋年间，各大武林门派争夺天龙宝刀、九阳真经和天山折梅手的故事。故事的情节曲折，人物性格鲜明，是金庸最著名的作品之一。

2. 《鹿鼎记》：讲述了明朝末年，韦小宝通过一系列巧妙的手段，成为清朝的大官的故事。小说中充满了幽默和讽刺，人物形象生动，情节跌宕起伏。

3. 《笑傲江湖》：讲述了武林中各大门派争夺华山派掌门的故事，以及令狐冲在寻找自我和追求爱情的过程中遭遇的挫折和成功。小说情节紧凑，人物形象鲜明，是金庸的代表作之一。

4. 《碧血剑》：讲述了明朝末年，锦衣卫指挥使袁承志与武林人士之间的斗争。小说中充满了悬疑和阴谋，情节跌宕起伏，人物形象生动。

5. 《射雕英雄传》：讲述了南宋年间，郭靖和黄蓉之间的感人故事，以及他们与蒙古统治者之间的斗争。小说中充满了侠义精神和家国情怀，是金庸的代表作之一。",金庸的武侠小说包括《三国演义》、《水浒传》、《红楼梦》等。《三国演义》是金庸最著名的作品之一，讲述了中国三国时期的历史事件；《水浒传》是一部经典的爱情小说，讲述了一个年轻男孩和一, 金庸的武侠小说有《射雕英雄传》、《天龙八部》、《神雕侠侣》等。
"2022年11月4日，计算机系通过线上线下相结合的方式在东主楼10-103会议室召开博士研究生导师交流会。计算机学科学位分委员会主席孙茂松，计算机系副主任武永卫、党委副书记韩文弢出席会议，博士生研究生导师和教学办工作人员等30余人参加会议，会议由武永卫主持。

提取“人”(name,position)，“时间”，“事件”，“地点”类型的实体，并输出JSON格式",信息抽取,"```json
{
  ""name"": ""孙茂松"",
  ""position"": ""计算机系副主任""
},
{
  ""name"": ""武永卫"",
  ""position"": ""计算机系副主任""
},
{
  ""name"": ""韩文弢"",
  ""position"": ""党委副书记""
},
{
  ""name"": ""博士生研究生导师"",
  ""position"": ""教学办工作人员""
},
{
  ""name"": ""会议"",
  ""position"": ""东主楼10-103会议室""
},
{
  ""name"": ""时间"",
  ""position"": ""2022年11月4日""
},
{
  ""name"": ""事件"",
  ""position"": ""博士研究生导师交流会""
},
{
  ""name"": ""地点"",
  ""position"": ""东主楼10-103会议室""
}
```","{
  ""people"": [
    {
      ""name"": ""孙茂松"",
      ""position"": ""计算机系副主任""
    },
    {
      ""name"": ""武永卫"",
      ""position"": ""计算机系副主任""
    },
    {
      ""name"": ""韩文弢"",
      ""position"": ""党委副书记""
    }
  ],
  ""time"": ""202"," {
  ""name"": ""孙茂松"",
  ""position"": ""计算机学科学位分委员会主席"",
  ""time"": ""2022年11月4日"",
  ""event"": ""博士研究生导师交流会"",
  ""location"": ""东主楼10-103会议室""
}"
我周末打算到武汉玩，有什么小众的景点推荐吗,旅游向导,"武汉有许多小众的景点，以下是一些推荐：

1. 黄鹤楼：虽然黄鹤楼是武汉最著名的景点之一，但是它的历史悠久，周围有许多古老的建筑，可以探索一下。

2. 东湖樱园：武汉东湖樱园是中国四大樱园之一，每年春天，这里都会举办樱花节，非常美丽。

3. 武汉长江大桥：武汉长江大桥是中国第一座自行设计、自行施工的公铁两用桥，是中国近代史上的重要建筑之一，可以沿着长江散步，欣赏美景。

4. 江汉关：江汉关是中国历史上著名的关隘之一，也是武汉的历史遗迹之一，可以参观历史建筑、了解历史故事、感受军事氛围。

5. 湖北省博物馆：湖北省博物馆是中国最大的古代博物馆之一，收藏了大量的历史文物和艺术品，可以了解中国的历史和文化。

6. 武汉动物园：武汉动物园是一个集动物展览、饲养、科普教育、娱乐表演等功能于一体的大型综合性动物园，有许多独特的动物品种，可以在这里了解到更多的动物知识。

希望这些小众景点推荐能有所帮助，祝武汉之旅愉快！",武汉有很多好的小众景点，比如武汉动物园、武汉博物馆、武汉艺术博物馆、武汉历史博物馆等等。另外，还可以去武汉大厦、武汉天文学博物馆、武汉艺术中心等。这些景点都有独特的魅力，您可以在周末, 您可以去武汉东湖公园，那里有美丽的湖泊和美丽的花园，非常适合放松身心。
c罗和梅西，谁更厉害,评论比较,"C罗和梅西都是世界足球历史上最伟大的球员之一，他们在俱乐部和国家队比赛中都表现出色。谁更厉害这个问题很难回答，因为取决于如何定义“更厉害”。

如果从历史上的成就来看，两人都有自己的辉煌时期。C罗在俱乐部和国家队比赛中赢得了许多冠军，包括欧洲冠军联赛、英格兰超级联赛、西班牙甲级联赛、葡萄牙国家队赢得了许多冠军。梅西也在俱乐部和国家队比赛中表现出色，赢得了许多冠军，包括欧洲冠军联赛、西班牙甲级联赛、阿根廷国家队赢得了许多冠军。因此，从历史成就来看，两人都是伟大的球员。

如果从技术、速度、力量、射门等方面进行比较，两人都有不同的特点。C罗是一名出色的射手和足球运动员，他的射门技术非常出色，能够轻松地破门得分。梅西则是一名出色的突破者和传球手，他的速度和运球技巧非常出色，能够在比赛中创造出机会。因此，从技术方面来看，两人都有自己的优点和特点，很难说谁更厉害。

谁更厉害这个问题取决于个人的观点和标准。如果更注重历史上的成就，那么可能认为C罗更厉害；如果更注重技术方面的表现，那么可能认为梅西更厉害。",谁更厉害？这取决于您的个人偏好。虽然许多人认为梅西更厉害，但是许多人也认为c罗更厉害。虽然许多人认为梅西更厉害，但是许多人也认为c罗更厉害。虽然许多人, 这是个主观的问题，每个人的看法可能不同。
猪、狗、羊、西红柿分别属于什么,事实性问答,"猪、狗、羊、西红柿分别属于不同的动物类别：

1. 猪属于哺乳动物类别，属于家畜类别中的一种。
2. 狗属于哺乳动物类别，属于犬科中的一种。
3. 羊属于哺乳动物类别，属于羊科中的一种。
4. 西红柿属于植物类别，属于茄科植物中的一种。

注意：这些动物和植物在分类上属于不同的学科领域，因此它们在不同领域中的命名和定义可能有所不同。",猪、狗、羊、西红柿分别属于哺乳动物。猪属于哺乳动物，狗属于哺乳动物，羊属于哺乳动物，西红柿属于蔬菜。哺乳动物包括猪、狗、羊、牛、牛奶、鸡、��, 猪属于哺乳动物，狗属于哺乳动物，羊属于哺乳动物，西红柿属于蔬菜。
我想写一篇文章，关于《语言模型的诞生与发展》，用通俗、俏皮可爱的语气进行科普，让中学生都能听懂,科普文写作,"语言模型是一种人工智能，通过大量的数据和算法来学习人类语言。它可以帮助我们更好地理解和表达语言，就像人类的语言专家一样。

语言模型最早是由一位名叫Tom Lee的计算机科学教授开发的。Tom Lee是一位非常聪明的科学家，他有一个想法：通过建立一个模型来预测人类语言。

于是，Tom Lee和他的团队开始工作，他们收集了大量的数据和算法，用来训练语言模型。他们使用了来自互联网的大量文本、书籍、新闻、电影等等。

通过这些数据的学习和算法的优化，语言模型可以识别出文本中的语言结构，并预测下一个单词或短语。它可以预测出人类语言中的常见单词、短语和句子，帮助我们更好地理解和表达语言。

随着语言模型的发展，它被广泛应用于各种领域。例如，它可以用于翻译、机器写作、智能客服、语音助手等等。它可以为我们提供更好的服务和帮助，让我们的生活更加方便和快捷。

当然，语言模型也有一些局限性。例如，它可能会产生一些误解或偏见，因为它无法理解人类情感和语境。因此，我们需要不断地改进和优化语言模型，让它更好地理解和表达人类语言。

语言模型是一种非常重要的人工智能技术，它可以帮助我们更好地理解和表达语言，让我们的生活更加便利和快捷。","近年来，随着人工智能技术的不断发展，语言模型的诞生和发展也取得了巨大的进展。这种技术可以帮助人们更好地理解和处理自然语言，从而改善人们的生活质量。

语言模型是一种基于深度学习的计算机模型，它可以从大量的数据中"," 语言模型是计算机科学中的一个重要分支，它研究如何让计算机能够理解和生成自然语言。语言模型的诞生可以追溯到20世纪50年代，当时计算机科学家们开始研究如何让计算机能够理解自然语言。

在接下来的几十年里，语言模型经历了多次变革，包括神经网络、统计学习和深度学习等技术的引入。这些技术的引入使得语言模型能够更好地理解和生成自然语言。

现在，语言模型已经应用到了很多领域，例如语音识别、机器翻译、自然语言处理等。这些应用使得我们的生活变得更加便利和智能化。

总之，语言模型是计算机科学中的一个重要分支，它为我们带来了很多便利和智能化。"
