question,question_type,chatglm-6b
帮我写一个介绍ChatGPT的博客提纲,提纲写作,"好的，以下是一份介绍ChatGPT的博客提纲：

I. 引言
   A. 背景介绍
   B. 目的和意义

II. ChatGPT的介绍
   A. 技术介绍
   B. 历史背景
   C. 功能特点
   D. 应用场景

III. ChatGPT的优势
   A. 性能优势
   B. 数据优势
   C. 安全性优势
   D. 可扩展性优势

IV. ChatGPT的发展历程
   A. 研究背景
   B. 技术架构
   C. 应用场景
   D. 发展历程

V. ChatGPT的应用场景
   A. 自然语言处理
   B. 人工智能
   C. 人机交互
   D. 其他领域

VI. ChatGPT的优缺点
   A. 优点
   B. 缺点
   C. 不足和展望

VII. ChatGPT的未来发展方向
   A. 技术改进
   B. 应用场景拓展
   C. 商业模式创新
   D. 未来展望

VIII. 结论
   A. 总结
   B. 展望

以上提纲仅供参考，您可以根据自己的需求和兴趣进行修改和补充。"
写十条网易云热评文案,文案写作,"1. 之前看过一句话：你所见即是我，好与坏我都已坦然。

2. 喜欢在你身上留下属於我的印记，却不曾记起你从未属於过我。

3. 真正爱过的人 是不可能做朋友的 哪怕一点点可能性都没有

4. 愿你三冬暖，愿你春不寒，愿你天黑有灯下雨有伞，愿你一路上，有良人相伴。

5. 真正爱过的人是不可能做朋友的，哪怕一点点可能性都没有。

6. 希望你不要再碰到像我这样的人，敏感，缺爱，总是闹你，经常瞎想，总吵着你陪我，总让你很累吧，但又希望你碰到这样的人，因为这样的人真的好爱好爱你啊。

7. 愿你漂泊的时候会有人送你酒喝，孤独的时候总有人陪你唱歌。

8. 如果有人给你发消息，你最好先回复，因为有时候你正在忙，对方并不在意。

9. 希望我喜欢的人也能喜欢着我，希望我说的话也有人能听进去，希望我难过的时候也有人陪着难过。

10. 无论你经历了什么，希望你坚强，因为你永远不知道明天会发生什么。"
请帮我写封邮件给暴雪公司，控诉他们无端与网易公司解除合作，中国玩家对他们的这种行为十分失望。要求他们立刻改正错误，保护中国玩家权益。言辞诚恳严厉,邮件写作助手,"尊敬的暴雪公司：

我代表中国玩家，向您表达我们最深切的失望和愤怒。我们非常遗憾地得知，您无端地与网易公司解除合作，导致中国玩家无法享受应有的服务和权益。

这种行为不仅损害了中国玩家的利益，也对整个游戏行业造成了负面影响。我们知道，暴雪公司是一家拥有全球影响力的游戏公司，而您在中国市场的表现也非常出色。但是，您却在这个时候做出这样的决定，我们感到十分震惊和失望。

中国玩家对于您的这种行为表示强烈的谴责。我们相信，您的行为不仅是不负责任的，更是违反了商业道德和法律规定。我们希望您能够认真反思自己的错误，并立刻改正这种行为，保护中国玩家的权益。

我们要求您立即停止对中国玩家的歧视和不公平待遇，并确保与中国网易公司的合作持续不变。同时，我们要求您在中国市场上加强管理，确保游戏服务的稳定性和公平性，让更多的中国玩家能够享受到游戏的乐趣。

最后，我们呼吁全球玩家团结起来，共同维护游戏行业的公正和公平，让游戏成为一项更加丰富多彩的娱乐活动。我们相信，只有全球玩家团结一心，才能推动游戏行业不断发展壮大，为世界带来更多的快乐和美好。

此致

敬礼！

中国玩家代表"
怎么让自己精力充沛，列5点建议,常识问答,"让自己精力充沛的建议如下：
1. 睡眠充足：睡眠是保持精力充沛的重要因素之一。保证每晚7-8小时的充足睡眠，能够帮助身体恢复和充电，提高注意力和精力。
2. 健康饮食：饮食对身体健康至关重要。选择富含营养和能量的食物，如水果、蔬菜、全麦食品和坚果等，有助于提高精力和注意力。
3. 锻炼身体：适当的身体锻炼可以帮助提高能量水平和增强身体健康。每周进行至少150分钟的中等强度有氧运动，如快走、跑步或游泳等，也可以帮助提高精力。
4. 管理压力：长期的压力会对身体产生负面影响。学习有效地处理压力和情绪，如通过冥想、瑜伽或深呼吸等方法，可以帮助缓解压力，提高精力和注意力。
5. 保持积极心态：积极心态和乐观情绪可以帮助更好地应对挑战和压力。通过与朋友交流、寻找乐趣和参加兴趣爱好等方式，保持积极的心态和情绪。"
使用python写一个二分查找的代码,代码编写,"可以使用Python中的`sorted`函数和`区间操作符`来实现二分查找。以下是一个简单的示例代码：

```python
def binary_search(arr, target):
    left, right = 0, len(arr) - 1
    
    while left <= right:
        mid = (left + right) // 2
        
        if arr[mid] == target:
            return mid
        elif arr[mid] < target:
            left = mid + 1
        else:
            right = mid - 1
    
    return -1
```

在这个函数中，`arr`是待查找的数组，`target`是我们要查找的目标值。函数首先将数组分为左右两个子数组，然后使用`区间操作符`进行二分查找。在每一次迭代中，我们计算出中间位置`mid`，然后判断目标值是否在中间位置。如果是，则返回中间位置；否则，我们继续向前或向后迭代。如果最后迭代时没有找到目标值，则返回-1。

下面是使用这个函数进行二分查找的示例代码：

```python
arr = [3, 1, 5, 2, 6, 4, 7, 8, 9]
target = 4

print(binary_search(arr, target))  # 输出结果为 4
```

在这个例子中，我们要查找目标值4是否存在于数组中。我们首先将数组分为左右两个子数组，然后进行二分查找。在第一次迭代中，我们找到中间位置为3、4，因此目标值4在中间位置，返回结果为4。"
推荐几本金庸的武侠小说,作品推荐,"金庸是中国著名的武侠小说作家，他的作品已经成为了中国文化的一部分。以下是几本值得一读的金庸武侠小说：

1. 《射雕英雄传》：这是金庸最著名的作品之一，讲述了郭靖和黄蓉的爱情故事，以及他们在江湖上的冒险故事。这本书情节曲折，人物形象鲜明，被誉为武侠小说中的经典之作。

2. 《神雕侠侣》：这是另一本金庸的经典之作，讲述了杨过和小龙女的爱情故事。这本书情节跌宕起伏，人物形象深入人心，被誉为武侠小说中的完美之作。

3. 《天龙八部》：这是金庸的另一部代表作，讲述了萧峰和慕容复等人的江湖故事。这本书情节曲折，人物形象丰满，是金庸小说中的经典之作。

4. 《笑傲江湖》：这是金庸另一本著名的作品，讲述了令狐冲在江湖上的冒险故事。这本书情节起伏，人物形象鲜明，是金庸小说中的佳作之一。

5. 《鹿鼎记》：这是金庸的的最后一部小说，讲述了韦小宝在江湖上的冒险故事。这本书情节曲折，人物形象生动，被誉为金庸小说中的经典之作。"
"2022年11月4日，计算机系通过线上线下相结合的方式在东主楼10-103会议室召开博士研究生导师交流会。计算机学科学位分委员会主席孙茂松，计算机系副主任武永卫、党委副书记韩文弢出席会议，博士生研究生导师和教学办工作人员等30余人参加会议，会议由武永卫主持。

提取“人”(name,position)，“时间”，“事件”，“地点”类型的实体，并输出JSON格式",信息抽取,"```json
{
  ""人"": [
    {
      ""name"": ""孙茂松"",
      ""position"": ""计算机学科学位分委员会主席""
    },
    {
      ""name"": ""武永卫"",
      ""position"": ""计算机系副主任""
    },
    {
      ""name"": ""韩文弢"",
      ""position"": ""党委副书记""
    },
    {
      ""name"": ""博士生研究生导师"",
      ""position"": ""教学办工作人员""
    },
    {
      ""name"": ""其他参会人员"",
      ""position"": ""30余人""
    }
  ],
  ""时间"": ""2022年11月4日"",
  ""事件"": ""博士研究生导师交流会"",
  ""地点"": ""东主楼10-103会议室""
}
```"
我周末打算到武汉玩，有什么小众的景点推荐吗,旅游向导,"武汉有很多小众的景点，以下是一些可能适合你的推荐：

1. 武汉长江大桥：虽然这座桥已经很古老了，但是它仍然是一个非常受欢迎的景点，可以欣赏到长江美景和武汉城市风光。

2. 黄鹤楼：这座古老的黄鹤楼位于武汉市洪山区，是一个历史悠久的景点，也是武汉著名的标志性建筑之一。

3. 蛇山：蛇山是一座位于武汉市江夏区的著名山岳风景区，有着美丽的自然风光和古老的历史文化。

4. 东湖樱园：东湖樱园是武汉著名的赏樱胜地，园内有着众多美丽的樱花，是春季赏花的好去处。

5. 汉口江滩：汉口江滩位于武汉市江汉区，是一个美丽的江滩景区，可以欣赏到长江美景。

6. 武汉博物馆：武汉博物馆位于武汉市洪山区，是一个集历史、文化、艺术于一体的博物馆，馆内有着丰富的展品。

7. 江汉关：江汉关是中国历史上著名的关隘之一，位于武汉市江岸区，是一个历史悠久的景区，有着壮观的自然风光和历史文化。

希望这些推荐可以帮助你找到一些适合你的小众景点！"
c罗和梅西，谁更厉害,评论比较,"C罗和梅西都是足球历史上最伟大的球员之一，各自拥有许多优秀的成就和荣誉。由于两人的风格和职业生涯的不同，很难进行直接的比较。

梅西是一位出色的射手和突破手，他的速度、灵活性和视野都是顶尖水平，他在场上可以以各种方式进球，包括直接射门、挑射、低射和头球。梅西还擅长在狭小的空间内得分，他经常利用自己的技术突破对手的防线。

C罗则是一位全面的足球运动员，他不仅可以进球，还可以助攻、抢点、防守等多种任务。C罗的速度、力量和身体素质都是顶尖水平，他在场上可以展现出惊人的表现，包括突破、射门和头球。C罗还非常注重团队合作，他在场上会积极助攻队友得分。

因此，谁更厉害取决于不同的标准和看法。有些人可能认为梅西的技术更加出色，而有些人则可能认为C罗的身体素质和表现更加出色。无论如何，两人都是当今足坛最杰出的球员之一，他们的成就和表现都值得我们去尊重和赞扬。"
猪、狗、羊、西红柿分别属于什么,事实性问答,"猪、狗、羊、西红柿分别属于不同的物种：

1. 猪属于哺乳动物，是人类的宠物。
2. 狗属于哺乳动物，是人类的伴侣动物。
3. 羊属于哺乳动物，是家畜之一，用于生产肉、毛和奶制品。
4. 西红柿属于植物，是一种水果。"
我想写一篇文章，关于《语言模型的诞生与发展》，用通俗、俏皮可爱的语气进行科普，让中学生都能听懂,科普文写作,"语言模型，又称机器翻译、自然语言处理模型，是一种能够自动将一种自然语言转换为另一种自然语言的技术。它的诞生和发展，彻底改变了我们与外星文明交流的方式，让人类迈向了一个全新的世界。

语言模型最早是由人工智能领域的科学家们提出的。他们在研究人类语言时，发现人类的语言非常神奇，不仅丰富多彩，而且还可以表达非常复杂的思想。因此，他们开始思考如何让机器也能像人类一样，通过语言来理解和表达思想。

于是，语言模型应运而生。语言模型是一种人工智能模型，它使用大量的数据和算法，来模拟人类的语言学习过程。它可以通过大量的文本数据，来学习人类语言的语法、语义和语音特点。当人类需要将一种自然语言转换为另一种自然语言时，语言模型就可以提供帮助。

随着语言模型的发展，它的种类也越来越多。现在，语言模型可以应用于多个领域，如机器翻译、语音识别、情感分析等。它们可以自动识别文本中的语法和语义错误，并纠正它们。还可以自动生成文本，帮助人们快速编写文章或撰写电子邮件。

语言模型的发展，让我们的生活变得更加便利。我们可以使用机器翻译，更方便地与来自不同国家和地区的人交流。我们也可以使用语音识别技术，更方便地听取语音指令。而随着情感分析技术的发展，语言模型还可以更好地理解人类的情感表达，为人们提供更个性化的服务。

当然，语言模型也存在一些挑战和限制。例如，由于它只依赖于数据，所以有时可能会产生错误或不准确的结果。此外，语言模型也需要不断地学习和改进，才能不断提高自己的性能。

语言模型是一种神奇的技术，它的发展改变了我们与外星文明交流的方式，让我们的生活更加便捷和舒适。"
